BET,Vtotal,Vmes,Temp,Pres (bar),Adsorb(mmol/g)
887,0.075,0.347,25,0.04,0.35
887,0.075,0.347,25,0.1,0.7
887,0.075,0.347,25,0.175,1.05
887,0.075,0.347,25,0.35,1.6
887,0.075,0.347,25,0.53,1.9
887,0.075,0.347,25,0.7,2.21
887,0.075,0.347,25,0.87,2.35
887,0.075,0.347,25,1,2.6
618,1.115,0.217,25,0.04,0.35
618,1.115,0.217,25,0.1,0.7
618,1.115,0.217,25,0.175,1.05
618,1.115,0.217,25,0.35,1.5
618,1.115,0.217,25,0.53,1.8
618,1.115,0.217,25,0.7,2.1
618,1.115,0.217,25,0.87,2.25
618,1.115,0.217,25,1,2.4
2073,0.138,0.731,0,1,7.17
2073,0.138,0.731,25,1,4.21
2073,0.138,0.731,50,1,2.47
2073,0.138,0.731,0,10,16.44
2073,0.138,0.731,25,10,12.74
2073,0.138,0.731,0,9,15.2
2073,0.138,0.731,0,8,15.5
2073,0.138,0.731,0,7,15.2
2073,0.138,0.731,0,6,15
2073,0.138,0.731,0,5,14.2
2073,0.138,0.731,0,4,13
2073,0.138,0.731,0,3,12
2073,0.138,0.731,0,2,10.4
2073,0.138,0.731,0,0.9,6.5
2073,0.138,0.731,0,0.8,6
2073,0.138,0.731,0,0.7,5.7
2073,0.138,0.731,0,0.6,5.2
2073,0.138,0.731,0,0.5,4.8
2073,0.138,0.731,0,0.4,4.1
2073,0.138,0.731,0,0.3,3.4
2073,0.138,0.731,0,0.2,2.6
2073,0.138,0.731,0,0.1,1.5
2073,0.138,0.731,25,0.1,0.7
2073,0.138,0.731,25,0.2,1.3
2073,0.138,0.731,25,0.3,1.75
2073,0.138,0.731,25,0.4,2.25
2073,0.138,0.731,25,0.5,2.5
2073,0.138,0.731,25,0.6,3
2073,0.138,0.731,25,0.7,3.25
2073,0.138,0.731,25,0.8,3.6
2073,0.138,0.731,25,0.9,3.7
2073,0.138,0.731,25,1,4
2073,0.138,0.731,25,2,6.8
2073,0.138,0.731,25,3,8
2073,0.138,0.731,25,4,8.8
2073,0.138,0.731,25,5,10.2
2073,0.138,0.731,25,6,11
2073,0.138,0.731,25,7,11.5
2073,0.138,0.731,25,8,12
2073,0.138,0.731,25,9,12.5
2073,0.138,0.731,25,10,12.6
2785,0.644,0.716,0,1,5.09
2785,0.644,0.716,25,1,2.81
2785,0.644,0.716,50,1,1.52
2785,0.644,0.716,0,10,23.27
2785,0.644,0.716,0,0.1,0.9
2785,0.644,0.716,0,0.2,1.5
2785,0.644,0.716,0,0.3,2.1
2785,0.644,0.716,0,0.4,2.5
2785,0.644,0.716,0,0.5,3
2785,0.644,0.716,0,0.6,3.5
2785,0.644,0.716,0,0.7,3.9
2785,0.644,0.716,0,0.8,4.2
2785,0.644,0.716,0,0.9,4.5
2785,0.644,0.716,0,2,9.6
2785,0.644,0.716,0,3,12.3
2785,0.644,0.716,0,4,14
2785,0.644,0.716,0,5,17
2785,0.644,0.716,0,6,18.5
2785,0.644,0.716,0,7,20
2785,0.644,0.716,0,8,21.3
2785,0.644,0.716,0,9,22
2785,0.644,0.716,25,0.1,0.4
2785,0.644,0.716,25,0.2,0.7
2785,0.644,0.716,25,0.3,1.1
2785,0.644,0.716,25,0.4,1.35
2785,0.644,0.716,25,0.5,1.6
2785,0.644,0.716,25,0.6,1.75
2785,0.644,0.716,25,0.7,2
2785,0.644,0.716,25,0.8,2.3
2785,0.644,0.716,25,0.9,2.5
2785,0.644,0.716,25,2,6
2785,0.644,0.716,25,3,7.5
2785,0.644,0.716,25,4,9
2785,0.644,0.716,25,5,11
2785,0.644,0.716,25,6,12.5
2785,0.644,0.716,25,7,13
2785,0.644,0.716,25,8,14
2785,0.644,0.716,25,9,15.5
2785,0.644,0.716,25,10,16.05
1624,0.073,0.589,0,1,7.55
1624,0.073,0.589,25,1,4.42
1624,0.073,0.589,50,1,2.86
1624,0.073,0.589,0,10,13.34
1624,0.073,0.589,25,10,11.59
1624,0.073,0.589,0,2,9.7
1624,0.073,0.589,0,4,11.8
1624,0.073,0.589,0,5,12
1624,0.073,0.589,0,7,12.5
1624,0.073,0.589,0,9,12.7
1624,0.073,0.589,0,10,12.9
1624,0.073,0.589,0,6,12
1624,0.073,0.589,0,8,12.8
1624,0.073,0.589,0,3,10.5
1624,0.073,0.589,0,0.1,2
1624,0.073,0.589,0,0.3,3.7
1624,0.073,0.589,0,0.4,4.5
1624,0.073,0.589,0,0.6,5.6
1624,0.073,0.589,0,0.7,6.2
1624,0.073,0.589,0,0.9,7
1624,0.073,0.589,0,0.5,5.1
1624,0.073,0.589,0,0.8,6.5
1624,0.073,0.589,0,0.2,3
1624,0.073,0.589,0,2,8.5
1624,0.073,0.589,25,0.1,1
1624,0.073,0.589,25,0.2,1.6
1624,0.073,0.589,25,0.3,2.25
1624,0.073,0.589,25,0.4,2.6
1624,0.073,0.589,25,0.5,3.01
1624,0.073,0.589,25,0.6,3.4
1624,0.073,0.589,25,0.7,3.75
1624,0.073,0.589,25,0.8,4.05
1624,0.073,0.589,25,0.9,4.2
1624,0.073,0.589,25,2,6.25
1624,0.073,0.589,25,3,7.5
1624,0.073,0.589,25,4,8.75
1624,0.073,0.589,25,5,9
1624,0.073,0.589,25,6,10
1624,0.073,0.589,25,7,10.7
1624,0.073,0.589,25,8,11
1624,0.073,0.589,25,9,11.2
1624,0.073,0.589,25,10,11.5
2620,0.432,0.793,0,1,6.89
2620,0.432,0.793,25,1,4
2620,0.432,0.793,50,1,2.38
2620,0.432,0.793,0,10,23.26
2620,0.432,0.793,25,10,16.81
2620,0.432,0.793,0,0.1,1.4
2620,0.432,0.793,0,0.2,2.2
2620,0.432,0.793,0,0.3,3
2620,0.432,0.793,0,0.4,3.4
2620,0.432,0.793,0,0.5,4.2
2620,0.432,0.793,0,0.6,4.7
2620,0.432,0.793,0,0.7,5.4
2620,0.432,0.793,0,0.8,5.7
2620,0.432,0.793,0,0.9,6.4
2620,0.432,0.793,0,2,11
2620,0.432,0.793,0,3,13.2
2620,0.432,0.793,0,4,16.2
2620,0.432,0.793,0,5,18
2620,0.432,0.793,0,6,19
2620,0.432,0.793,0,7,20.5
2620,0.432,0.793,0,8,21.5
2620,0.432,0.793,0,9,22.5
2620,0.432,0.793,0,10,23
2620,0.432,0.793,25,0.1,0.75
2620,0.432,0.793,25,0.2,1.25
2620,0.432,0.793,25,0.3,1.6
2620,0.432,0.793,25,0.4,2.1
2620,0.432,0.793,25,0.5,2.5
2620,0.432,0.793,25,0.6,2.7
2620,0.432,0.793,25,0.7,3.1
2620,0.432,0.793,25,0.8,3.48
2620,0.432,0.793,25,0.9,3.7
2620,0.432,0.793,25,2,7
2620,0.432,0.793,25,3,9
2620,0.432,0.793,25,4,10.6
2620,0.432,0.793,25,5,12
2620,0.432,0.793,25,6,13
2620,0.432,0.793,25,7,14.5
2620,0.432,0.793,25,8,15.5
2620,0.432,0.793,25,9,16.25
2620,0.432,0.793,25,10,17
2162,0.207,0.917,25,0.2,1.13
2162,0.207,0.917,25,0.3,1.6
2162,0.207,0.917,25,0.5,2.6
2162,0.207,0.917,25,0.8,3.5
2162,0.207,0.917,25,1,4.1
2162,0.207,0.917,25,0.1,0.69
2162,0.207,0.917,25,0.4,2.27
2162,0.207,0.917,25,0.6,2.82
2162,0.207,0.917,25,0.7,3.3
2162,0.207,0.917,25,0.9,3.98
2180,0.075,0.928,25,0.2,2
2180,0.075,0.928,25,0.4,3.18
2180,0.075,0.928,25,0.6,4.06
2180,0.075,0.928,25,0.8,4.77
2180,0.075,0.928,25,1,5.56
2180,0.075,0.928,25,0.1,1.14
2180,0.075,0.928,25,0.3,2.5
2180,0.075,0.928,25,0.5,3.57
2318,0.091,0.99,25,1,3.9
2318,0.091,0.99,25,0.8,3.3
2318,0.091,0.99,25,0.5,2.4
2318,0.091,0.99,25,0.3,1.59
2318,0.091,0.99,25,0.2,1.13
2318,0.091,0.99,25,0.1,0.68
2318,0.091,0.99,25,0.4,2.17
2318,0.091,0.99,25,0.6,2.79
2318,0.091,0.99,25,0.7,3.18
2318,0.091,0.99,25,0.9,3.88
2350,0.72,0.79,0,1,3.8
2350,0.72,0.79,25,1,2.2
2350,0.72,0.79,50,1,1.6
2350,0.72,0.79,25,0.1,0.35
2350,0.72,0.79,25,0.2,0.65
2350,0.72,0.79,25,0.4,1.1
2350,0.72,0.79,25,0.6,1.47
2350,0.72,0.79,25,0.8,1.79
970,0.69,0.12,0,1,3.2
970,0.69,0.12,25,1,2.4
970,0.69,0.12,25,0.1,0.5
970,0.69,0.12,25,0.2,0.8
970,0.69,0.12,25,0.4,1.37
970,0.69,0.12,25,0.5,1.6
970,0.69,0.12,25,0.6,1.75
970,0.69,0.12,25,0.7,1.85
970,0.69,0.12,25,0.8,2.13
970,0.69,0.12,25,0.9,2.28
1200,0.2,0.48,0,1,4.3
1200,0.2,0.48,25,1,2.9
1200,0.2,0.48,50,1,2.1
1200,0.2,0.48,0,0.2,1.9
1200,0.2,0.48,0,0.4,2.75
1200,0.2,0.48,0,0.6,3.35
1200,0.2,0.48,0,0.8,3.9
1200,0.2,0.48,25,0.2,1.15
1200,0.2,0.48,25,0.4,1.6
1200,0.2,0.48,25,0.6,2.1
1200,0.2,0.48,25,0.8,2.51
1200,0.2,0.48,50,0.2,0.6
1200,0.2,0.48,50,0.4,1.1
1200,0.2,0.48,50,0.6,1.45
1200,0.2,0.48,50,0.8,1.75
1330,0.19,0.54,0,1,5.8
1330,0.19,0.54,25,1,3.3
1330,0.19,0.54,50,1,2.2
1330,0.19,0.54,25,0.1,0.75
1330,0.19,0.54,25,0.3,1.54
1330,0.19,0.54,25,0.5,2.14
1330,0.19,0.54,25,0.6,2.43
1330,0.19,0.54,25,0.7,2.6
1330,0.19,0.54,25,0.9,3.18
1330,0.19,0.54,0,0.2,2.25
1330,0.19,0.54,0,0.4,3.25
1330,0.19,0.54,0,0.6,3.9
1330,0.19,0.54,0,0.8,4.55
1330,0.19,0.54,25,0.2,1.25
1330,0.19,0.54,25,0.4,1.85
1330,0.19,0.54,25,0.6,2.45
1330,0.19,0.54,25,0.8,2.9
1330,0.19,0.54,50,0.2,0.65
1330,0.19,0.54,50,0.4,1.15
1330,0.19,0.54,50,0.6,1.52
1330,0.19,0.54,50,0.8,1.88
1570,0.18,0.65,0,1,4.9
1570,0.18,0.65,25,1,3.2
1570,0.18,0.65,50,1,2.1
1570,0.18,0.65,0,0.2,1.8
1570,0.18,0.65,0,0.4,2.8
1570,0.18,0.65,0,0.6,3.76
1570,0.18,0.65,0,0.8,4.5
1570,0.18,0.65,25,0.2,1
1570,0.18,0.65,25,0.4,1.7
1570,0.18,0.65,25,0.6,2.3
1570,0.18,0.65,25,0.8,2.8
1570,0.18,0.65,50,0.2,0.2
1570,0.18,0.65,50,0.4,0.95
1570,0.18,0.65,50,0.6,1.3
1570,0.18,0.65,50,0.8,1.8
1820,0.2,0.75,0,1,5.4
1820,0.2,0.75,25,1,3.4
1820,0.2,0.75,50,1,2.1
1820,0.2,0.75,50,0.4,0.8
1820,0.2,0.75,25,0.4,1.3
1820,0.2,0.75,0,0.4,3.2
1820,0.2,0.75,50,0.8,1.7
1820,0.2,0.75,25,0.8,2.7
1820,0.2,0.75,0,0.8,4.7
2310,0.28,0.96,0,1,5.6
2310,0.28,0.96,25,1,3.1
2310,0.28,0.96,50,1,1.9
1390,0.29,0.48,0,1,4.9
1390,0.29,0.48,25,1,3
1390,0.29,0.48,50,1,2.6
1545,0.22,0.59,0,1,5
1545,0.22,0.59,25,1,3
1545,0.22,0.59,50,1,2
1450,0.23,0.58,0,1,5.2
1450,0.23,0.58,25,1,3.2
1450,0.23,0.58,50,1,2
1450,0.23,0.58,25,0.1,0.75
1450,0.23,0.58,25,0.3,1.48
1450,0.23,0.58,25,0.5,2.04
1450,0.23,0.58,25,0.6,2.33
1450,0.23,0.58,25,0.7,2.5
1450,0.23,0.58,25,0.9,3.1
1870,0.16,0.77,0,1,5.3
1870,0.16,0.77,25,1,3.2
1870,0.16,0.77,50,1,2
2660,0.35,1.03,0,1,5.4
2660,0.35,1.03,25,1,3.1
2660,0.35,1.03,50,1,2
2660,0.35,1.03,50,0.4,0.8
2660,0.35,1.03,25,0.4,1.5
2660,0.35,1.03,0,0.4,3
2660,0.35,1.03,50,0.8,1.6
2660,0.35,1.03,25,0.8,2.6
2660,0.35,1.03,0,0.8,4.7
2190,0.09,0.92,0,1,5.6
2190,0.09,0.92,25,1,3.5
2190,0.09,0.92,50,1,2.2
2190,0.09,0.92,25,0.3,2.4
2190,0.09,0.92,25,0.6,4
2190,0.09,0.92,25,0.9,5.3
2370,0.12,0.96,0,1,5.8
2370,0.12,0.96,25,1,3.5
2370,0.12,0.96,50,1,1.8
2370,0.12,0.96,25,0.3,2.5
2370,0.12,0.96,25,0.6,4.1
2370,0.12,0.96,25,0.9,5.5
2370,0.24,0.91,0,1,5.2
2370,0.24,0.91,25,1,2.9
2250,0.12,0.91,0,1,5.5
2250,0.12,0.91,25,1,2.9
2250,0.12,0.91,50,1,1.8
2250,0.12,0.91,25,0.3,2.3
2250,0.12,0.91,25,0.6,3.95
2250,0.12,0.91,25,0.9,5.2
1260,0.07,0.55,0,1,6.1
1260,0.07,0.55,25,1,4.8
1260,0.07,0.55,50,1,3.6
1260,0.07,0.55,50,0.4,1.7
1260,0.07,0.55,25,0.4,2.5
1260,0.07,0.55,0,0.4,3.75
1260,0.07,0.55,50,0.8,3
1260,0.07,0.55,25,0.8,4.1
1260,0.07,0.55,0,0.8,5.6
1380,0.06,0.61,0,1,6
1380,0.06,0.61,25,1,4.7
1380,0.06,0.61,50,1,3.3
1380,0.06,0.61,50,0.4,1.5
1380,0.06,0.61,25,0.4,2.4
1380,0.06,0.61,0,0.4,3.6
1380,0.06,0.61,50,0.8,2.75
1380,0.06,0.61,25,0.8,4
1380,0.06,0.61,0,0.8,5.5
1390,0.07,0.62,0,1,6.6
1390,0.07,0.62,25,1,4.3
1390,0.07,0.62,50,1,2.6
1390,0.07,0.62,50,0.4,1.25
1390,0.07,0.62,25,0.4,2.25
1390,0.07,0.62,0,0.4,3.7
1390,0.07,0.62,50,0.8,2.2
1390,0.07,0.62,25,0.8,3.75
1390,0.07,0.62,0,0.8,5.7
1940,0.15,0.82,0,1,5.8
1940,0.15,0.82,25,1,3.9
1940,0.15,0.82,50,1,3.1
1940,0.15,0.82,50,0.4,1.25
1940,0.15,0.82,25,0.4,2
1940,0.15,0.82,0,0.4,3.2
1940,0.15,0.82,50,0.8,2.5
1940,0.15,0.82,25,0.8,3.25
1940,0.15,0.82,0,0.8,5.07
3100,0.12,1.45,0,1,5.363
3100,0.12,1.45,25,1,2.977
3100,0.12,1.45,50,1,1.795
2450,0.09,1.03,0,1,8.63
2450,0.09,1.03,25,1,4.2
2450,0.09,1.03,50,1,2.34
2720,0.01,1.21,0,1,5.045
2720,0.01,1.21,25,1,3
2720,0.01,1.21,50,1,1.75
2895,0.14,1.28,0,1,5.5
2895,0.14,1.28,25,1,4.59
2895,0.14,1.28,50,1,1.977
2595,0,1.16,0,1,6.82
2595,0,1.16,25,1,3.795
2595,0,1.16,50,1,2.295
2445,0.05,1.09,0,1,6.18
2445,0.05,1.09,25,1,3.27
2445,0.05,1.09,50,1,1.95
2660,0,1.16,0,1,6.545
2660,0,1.16,25,1,4.7
2660,0,1.16,50,1,2.886
1023,0.011,0.403,0,1,5.39
1023,0.011,0.403,25,1,3.6
1023,0.011,0.403,50,1,2.33
1179,0.039,0.461,0,1,5.8
1179,0.039,0.461,25,1,3.68
1179,0.039,0.461,50,1,2.36
1479,0.037,0.585,0,1,6.05
1479,0.037,0.585,25,1,3.84
1479,0.037,0.585,50,1,2.3
1479,0.037,0.585,0,0.2,2.55
1479,0.037,0.585,25,0.2,1.45
1479,0.037,0.585,50,0.2,0.75
1479,0.037,0.585,0,0.4,3.8
1479,0.037,0.585,25,0.4,2.2
1479,0.037,0.585,50,0.4,1.25
1479,0.037,0.585,0,0.6,4.75
1479,0.037,0.585,25,0.6,2.8
1479,0.037,0.585,50,0.6,1.7
1479,0.037,0.585,0,0.8,5.5
1479,0.037,0.585,25,0.8,3.3
1479,0.037,0.585,50,0.8,2
1735,0.161,0.659,0,1,5.61
1735,0.161,0.659,25,1,3.51
1735,0.161,0.659,50,1,2.04
2307,0.278,0.88,0,1,5.05
2307,0.278,0.88,25,1,3.3
2307,0.278,0.88,50,1,1.8
2750,0.423,1.042,0,1,4.15
2750,0.423,1.042,25,1,2.73
2750,0.423,1.042,50,1,1.33
2750,0.423,1.042,0,0.2,1.1
2750,0.423,1.042,25,0.2,0.75
2750,0.423,1.042,50,0.2,0.4
2750,0.423,1.042,0,0.4,1.95
2750,0.423,1.042,25,0.4,1.3
2750,0.423,1.042,50,0.4,0.6
2750,0.423,1.042,0,0.6,2.75
2750,0.423,1.042,25,0.6,1.8
2750,0.423,1.042,50,0.6,0.9
2750,0.423,1.042,0,0.8,3.05
2750,0.423,1.042,25,0.8,2.25
2750,0.423,1.042,50,0.8,1.05
1770,0.03,0.7,25,0,0
1770,0.03,0.7,25,0.2,1.18
1770,0.03,0.7,25,0.4,2
1770,0.03,0.7,25,0.6,2.73
1770,0.03,0.7,25,0.8,3.1818
1770,0.03,0.7,25,1,3.8
1770,0.03,0.7,25,5,8.63
1770,0.03,0.7,25,10,10.2
1770,0.03,0.7,25,30,12.9
1770,0.03,0.7,25,20,11.8
1770,0.03,0.7,25,40,13.6
2430,0.14,0.91,25,0.2,0.87
2430,0.14,0.91,25,0.4,1.75
2430,0.14,0.91,25,0.6,2.5
2430,0.14,0.91,25,0.8,3.068
2430,0.14,0.91,25,1,3.63
2430,0.14,0.91,25,5,9.1
2430,0.14,0.91,25,10,13.6
2430,0.14,0.91,25,20,15.9
2430,0.14,0.91,25,30,18.8
2430,0.14,0.91,25,40,20.45
2455,0.13,0.96,25,0.2,0.85
2455,0.13,0.96,25,0.4,1.7
2455,0.13,0.96,25,0.6,2.45
2455,0.13,0.96,25,0.8,2.95
2455,0.13,0.96,25,1,3.52
2455,0.13,0.96,25,5,9.1
2455,0.13,0.96,25,10,13.6
2455,0.13,0.96,25,20,15.9
2455,0.13,0.96,25,30,18.8
2455,0.13,0.96,25,40,20.45
3125,0.4,1.05,25,0.2,0.68
3125,0.4,1.05,25,0.4,1.36
3125,0.4,1.05,25,0.6,1.93
3125,0.4,1.05,25,0.8,2.47
3125,0.4,1.05,25,1,2.95
3125,0.4,1.05,25,5,9.1
3125,0.4,1.05,25,10,14.3
3125,0.4,1.05,25,20,18.2
3125,0.4,1.05,25,30,23.8
3125,0.4,1.05,25,40,27.3
3575,0.61,1.22,25,0.2,0.64
3575,0.61,1.22,25,0.4,1.13
3575,0.61,1.22,25,0.6,1.7
3575,0.61,1.22,25,0.8,2.05
3575,0.61,1.22,25,1,2.61
3575,0.61,1.22,25,5,9.1
3575,0.61,1.22,25,10,14.3
3575,0.61,1.22,25,20,18.2
3575,0.61,1.22,25,30,27.3
3575,0.61,1.22,25,40,31.8
460,0.04,0.2,0,0.15,1.3
460,0.04,0.2,0,0.4,2
460,0.04,0.2,0,0.7,2.5
460,0.04,0.2,0,1,2.8
763,0.06,0.33,0,0.15,1.9
763,0.06,0.33,0,0.4,3.2
763,0.06,0.33,0,0.7,4.2
763,0.06,0.33,0,1,4.75
1160,0.08,0.52,0,0.15,2.4
1160,0.08,0.52,25,0.15,1.5
1160,0.08,0.52,50,0.15,0.8
1160,0.08,0.52,120,0.15,0.2
1160,0.08,0.52,0,1,6.3
1160,0.08,0.52,25,1,4.7
1160,0.08,0.52,50,1,3.1
1160,0.08,0.52,120,1,1.1
1160,0.08,0.52,0,0.5,4.7
1160,0.08,0.52,25,0.5,3.2
1160,0.08,0.52,50,0.5,1.9
1160,0.08,0.52,120,0.5,0.5
2130,0.32,0.78,0,0.15,2
2130,0.32,0.78,0,0.4,3.65
2130,0.32,0.78,0,0.7,5.5
2130,0.32,0.78,0,1,6.7
1479,0.16,0.67,25,5,9
1479,0.16,0.67,25,10,10.5
1479,0.16,0.67,25,15,11.5
1479,0.16,0.67,25,20,12
1479,0.16,0.67,0,5,10
1479,0.16,0.67,0,10,11
1479,0.16,0.67,0,15,12
1479,0.16,0.67,0,20,12
2102,0.23,0.95,25,5,10
2102,0.23,0.95,25,10,13
2102,0.23,0.95,25,15,14.5
2102,0.23,0.95,25,20,15.5
2102,0.23,0.95,0,5,13.8
2102,0.23,0.95,0,10,16.2
2102,0.23,0.95,0,15,17
2102,0.23,0.95,0,20,17.5
2925,0.38,1.18,25,5,9
2925,0.38,1.18,25,10,13.5
2925,0.38,1.18,25,15,17.5
2925,0.38,1.18,25,20,19.5
2925,0.38,1.18,0,5,13.8
2925,0.38,1.18,0,10,20
2925,0.38,1.18,0,15,22
2925,0.38,1.18,0,20,25.5
2676,1.52,0.36,25,5,8
2676,1.52,0.36,25,10,12.5
2676,1.52,0.36,25,15,15
2676,1.52,0.36,25,20,17.5
2676,1.52,0.36,0,5,11
2676,1.52,0.36,0,10,17.5
2676,1.52,0.36,0,15,23.5
2676,1.52,0.36,0,20,25.5
1080,0.08,0.09,0,1,1.265
1080,0.08,0.09,25,1,1.12
1080,0.08,0.09,50,1,0.796
1120,0.26,0.17,0,1,3.755
1120,0.26,0.17,25,1,2.634
1120,0.26,0.17,50,1,1.743
1120,0.26,0.17,0,0.5,2.75
1120,0.26,0.17,25,0.5,1.9
1120,0.26,0.17,50,0.5,1.2
1163,0.13,0.1,0,1,1.054
1163,0.13,0.1,25,1,0.661
1163,0.13,0.1,50,1,0.393
1322,0.55,0.23,0,1,5.184
1322,0.55,0.23,25,1,3.401
1322,0.55,0.23,50,1,2.293
1322,0.55,0.23,0,0.5,3.6
1322,0.55,0.23,25,0.5,2.3
1322,0.55,0.23,50,0.5,1.5
2510,0.5,0.55,0,1,5.229
2510,0.5,0.55,25,1,3.712
2510,0.5,0.55,50,1,2.343
2510,0.5,0.55,50,0.5,1.6
2510,0.5,0.55,25,0.5,2.5
2510,0.5,0.55,0,0.5,3.6
1720,0.41,0.15,0,1,4.182
1720,0.41,0.15,25,1,2.805
1720,0.41,0.15,50,1,1.976
2100,0.49,0.29,0,1,2.818
2100,0.49,0.29,25,1,2.183
2100,0.49,0.29,50,1,1.72
2100,0.49,0.29,0,0.5,2.3
2100,0.49,0.29,25,0.5,1.75
2100,0.49,0.29,50,0.5,1.3
2698,10.073,0.227,25,1,3.7
2698,10.073,0.227,25,0.9,3.4
2698,10.073,0.227,25,0.8,3.2
2698,10.073,0.227,25,0.7,2.8
2698,10.073,0.227,25,0.6,2.5
2698,10.073,0.227,25,0.5,2.2
2698,10.073,0.227,25,0.4,1.8
2698,10.073,0.227,25,0.3,1.45
2698,10.073,0.227,25,0.2,1
2698,10.073,0.227,25,0.1,0.55
2772,9.88,0.12,25,1,1.9
2772,9.88,0.12,25,0.9,1.75
2772,9.88,0.12,25,0.8,1.6
2772,9.88,0.12,25,0.7,1.4
2772,9.88,0.12,25,0.6,1.2
2772,9.88,0.12,25,0.5,1.1
2772,9.88,0.12,25,0.4,0.85
2772,9.88,0.12,25,0.3,0.65
2772,9.88,0.12,25,0.2,0.45
2772,9.88,0.12,25,0.1,0.25
2560,4.059,0.251,25,1,2.5
2560,4.059,0.251,25,0.9,2.25
2560,4.059,0.251,25,0.8,2.1
2560,4.059,0.251,25,0.7,1.8
2560,4.059,0.251,25,0.6,1.6
2560,4.059,0.251,25,0.5,1.4
2560,4.059,0.251,25,0.4,1.15
2560,4.059,0.251,25,0.3,0.9
2560,4.059,0.251,25,0.2,0.6
2560,4.059,0.251,25,0.1,0.35
1948,0.931,0.209,25,1,2.6
1948,0.931,0.209,25,0.9,2.45
1948,0.931,0.209,25,0.8,2.2
1948,0.931,0.209,25,0.7,2
1948,0.931,0.209,25,0.6,1.75
1948,0.931,0.209,25,0.5,1.6
1948,0.931,0.209,25,0.4,1.3
1948,0.931,0.209,25,0.3,1.1
1948,0.931,0.209,25,0.2,0.75
1948,0.931,0.209,25,0.1,0.5
1477,4.736,0.014,25,1,1.6
1477,4.736,0.014,25,0.9,1.4
1477,4.736,0.014,25,0.8,1.3
1477,4.736,0.014,25,0.7,1.15
1477,4.736,0.014,25,0.6,0.95
1477,4.736,0.014,25,0.5,0.8
1477,4.736,0.014,25,0.4,0.7
1477,4.736,0.014,25,0.3,0.555
1477,4.736,0.014,25,0.2,0.4
1477,4.736,0.014,25,0.1,0.2
1260,2.271,0.139,25,20,10
1260,2.271,0.139,25,10,7
1260,2.271,0.139,25,6,5
1260,2.271,0.139,25,4,4.2
1260,2.271,0.139,25,2,2.2
1260,2.271,0.139,50,29,9
1260,2.271,0.139,50,15,7
1260,2.271,0.139,50,10,5.2
1260,2.271,0.139,50,6,3.8
1260,2.271,0.139,50,4,2.8
1260,2.271,0.139,50,2,1.6
1828,0.455,0.495,25,20,14.2
1828,0.455,0.495,25,10,10.5
1828,0.455,0.495,25,6,8.5
1828,0.455,0.495,25,4,6.5
1828,0.455,0.495,25,2,4
1900,0.453,0.547,25,20,15.5
1900,0.453,0.547,25,10,11.2
1900,0.453,0.547,25,6,9
1900,0.453,0.547,25,4,6.6
1900,0.453,0.547,25,2,4.05
1900,0.453,0.547,50,20,11
1900,0.453,0.547,50,10,8
1900,0.453,0.547,50,6,6.75
1900,0.453,0.547,50,4,5.5
1900,0.453,0.547,50,2,3.75
2517,4.919,0.611,50,20,14.7
2517,4.919,0.611,50,12,10.5
2517,4.919,0.611,50,10,8.9
2517,4.919,0.611,50,6,6
2517,4.919,0.611,50,4,5
2517,4.919,0.611,50,2,3
2517,4.919,0.611,25,20,19.5
2517,4.919,0.611,25,16,17
2517,4.919,0.611,25,12,14.6
2517,4.919,0.611,25,10,13.2
2517,4.919,0.611,25,8,11.8
2517,4.919,0.611,25,6,10.2
2517,4.919,0.611,25,4,8.1
2517,4.919,0.611,25,2,4.9
2495,4.834,0.576,25,20,19.2
2495,4.834,0.576,25,18,18
2495,4.834,0.576,25,16,16.8
2495,4.834,0.576,25,12,14.2
2495,4.834,0.576,25,10,13
2495,4.834,0.576,25,8,11.6
2495,4.834,0.576,25,6,10.2
2495,4.834,0.576,25,4,8.1
2495,4.834,0.576,25,2,4.9
2462,3.269,0.521,50,20,14.25
2462,3.269,0.521,50,12,10.5
2462,3.269,0.521,50,10,8.9
2462,3.269,0.521,50,6,6
2462,3.269,0.521,50,4,5
2462,3.269,0.521,50,2,3
2462,3.269,0.521,25,20,19.4
2462,3.269,0.521,25,18,18.2
2462,3.269,0.521,25,16,16.8
2462,3.269,0.521,25,12,14
2462,3.269,0.521,25,10,12.6
2462,3.269,0.521,25,8,11.2
2462,3.269,0.521,25,6,9.8
2462,3.269,0.521,25,4,7.8
2462,3.269,0.521,25,2,4.6
2109,2.811,0.449,25,20,16
2109,2.811,0.449,25,18,15
2109,2.811,0.449,25,16,14.2
2109,2.811,0.449,25,12,12
2109,2.811,0.449,25,10,11
2109,2.811,0.449,25,8,9.6
2109,2.811,0.449,25,6,8.2
2109,2.811,0.449,25,4,7
2109,2.811,0.449,25,2,4
2734,4.634,0.596,25,20,21
2734,4.634,0.596,25,16,18.5
2734,4.634,0.596,25,12,15.5
2734,4.634,0.596,25,10,14
2734,4.634,0.596,25,8,12
2734,4.634,0.596,25,6,10.5
2734,4.634,0.596,25,4,8.3
2734,4.634,0.596,25,2,5
637,0.097,0.25,0,30,8
637,0.097,0.25,0,29,7.5
637,0.097,0.25,0,28,7.4
637,0.097,0.25,0,27,7.2
637,0.097,0.25,0,26,7
637,0.097,0.25,0,25,6.8
637,0.097,0.25,0,24,6.63
637,0.097,0.25,0,23,6.5
637,0.097,0.25,0,22,6.4
637,0.097,0.25,0,21,6.3
637,0.097,0.25,0,20,6.2
637,0.097,0.25,0,19,6.17
637,0.097,0.25,0,18,6.14
637,0.097,0.25,0,17,6.1
637,0.097,0.25,0,16,6.05
637,0.097,0.25,0,15,6
637,0.097,0.25,0,14,5.96
637,0.097,0.25,0,13,5.94
637,0.097,0.25,0,12,5.9
637,0.097,0.25,0,11,5.85
637,0.097,0.25,0,10,5.8
637,0.097,0.25,0,9,5.78
637,0.097,0.25,0,8,5.76
637,0.097,0.25,0,7,5.74
637,0.097,0.25,0,6,5.72
637,0.097,0.25,0,5,5.7
637,0.097,0.25,0,4,5.2
637,0.097,0.25,0,3,5
637,0.097,0.25,0,2,4.5
1122,0.092,0.5,0,30,15.5
1122,0.092,0.5,0,29,15.1
1122,0.092,0.5,0,28,14.6
1122,0.092,0.5,0,27,14.2
1122,0.092,0.5,0,26,13.7
1122,0.092,0.5,0,25,13.2
1122,0.092,0.5,0,24,13
1122,0.092,0.5,0,23,12.8
1122,0.092,0.5,0,22,12.6
1122,0.092,0.5,0,21,12.4
1122,0.092,0.5,0,20,12.2
1122,0.092,0.5,0,19,12.18
1122,0.092,0.5,0,18,12.16
1122,0.092,0.5,0,17,12.14
1122,0.092,0.5,0,16,12.12
1122,0.092,0.5,0,15,12
1122,0.092,0.5,0,14,11.9
1122,0.092,0.5,0,13,11.7
1122,0.092,0.5,0,12,11.5
1122,0.092,0.5,0,11,11.3
1122,0.092,0.5,0,10,11.2
1122,0.092,0.5,0,9,11
1122,0.092,0.5,0,8,10.8
1122,0.092,0.5,0,7,10.6
1122,0.092,0.5,0,6,10.4
1122,0.092,0.5,0,5,10.2
1122,0.092,0.5,0,4,9.8
1122,0.092,0.5,0,3,9.2
1122,0.092,0.5,0,2,8.5
849,0.192,0.31,0,30,10.3
849,0.192,0.31,0,29,10
849,0.192,0.31,0,28,9.7
849,0.192,0.31,0,27,9.4
849,0.192,0.31,0,26,9.2
849,0.192,0.31,0,25,9
849,0.192,0.31,0,24,8.9
849,0.192,0.31,0,23,8.8
849,0.192,0.31,0,22,8.7
849,0.192,0.31,0,21,8.6
849,0.192,0.31,0,20,8.5
849,0.192,0.31,0,19,8.4
849,0.192,0.31,0,18,8.3
849,0.192,0.31,0,17,8.2
849,0.192,0.31,0,16,8.1
849,0.192,0.31,0,15,8
849,0.192,0.31,0,14,7.9
849,0.192,0.31,0,13,7.7
849,0.192,0.31,0,12,7.5
849,0.192,0.31,0,11,7.4
849,0.192,0.31,0,10,7.2
849,0.192,0.31,0,9,7.1
849,0.192,0.31,0,8,7
849,0.192,0.31,0,7,6.9
849,0.192,0.31,0,6,6.7
849,0.192,0.31,0,5,6.5
849,0.192,0.31,0,4,6.2
849,0.192,0.31,0,3,5.8
849,0.192,0.31,0,2,5
1270,0.01,0.49,25,0.1,0.9
1270,0.01,0.49,25,0.15,1.4
1270,0.01,0.49,25,0.2,1.65
1270,0.01,0.49,25,0.3,2.2
1270,0.01,0.49,25,0.4,2.5
1270,0.01,0.49,25,0.5,3.05
1270,0.01,0.49,25,0.6,3.4
1270,0.01,0.49,25,0.7,3.7
1270,0.01,0.49,25,0.8,4.05
1270,0.01,0.49,25,0.9,4.25
1270,0.01,0.49,25,1,4.5
1330,0.02,0.51,25,0.1,0.85
1330,0.02,0.51,25,0.15,1.2
1330,0.02,0.51,25,0.2,1.5
1330,0.02,0.51,25,0.3,1.95
1330,0.02,0.51,25,0.4,2.35
1330,0.02,0.51,25,0.5,2.75
1330,0.02,0.51,25,0.6,3.1
1330,0.02,0.51,25,0.7,3.42
1330,0.02,0.51,25,0.8,3.65
1330,0.02,0.51,25,0.9,4
1330,0.02,0.51,25,1,4.2
1690,0.05,0.67,25,0.1,0.8
1690,0.05,0.67,25,0.15,1.1
1690,0.05,0.67,25,0.2,1.4
1690,0.05,0.67,25,0.3,1.8
1690,0.05,0.67,25,0.4,2.25
1690,0.05,0.67,25,0.5,2.7
1690,0.05,0.67,25,0.6,3.1
1690,0.05,0.67,25,0.7,3.42
1690,0.05,0.67,25,0.8,3.75
1690,0.05,0.67,25,0.9,4.15
1690,0.05,0.67,25,1,4.5
1690,0.05,0.67,25,5,8
1690,0.05,0.67,25,10,11
1690,0.05,0.67,25,15,12
1690,0.05,0.67,25,20,12.5
1690,0.05,0.67,25,25,13.7
1690,0.05,0.67,25,30,14.3
1690,0.05,0.67,25,35,14.7
1690,0.05,0.67,25,40,15
1690,0.05,0.67,25,45,15.2
1690,0.05,0.67,25,50,15.4
670,0.26,0.2,0,0.1,1.175
670,0.26,0.2,0,0.2,1.68
670,0.26,0.2,0,0.4,2.3
670,0.26,0.2,0,0.5,2.65
670,0.26,0.2,0,0.7,2.85
670,0.26,0.2,0,0.8,3.2
670,0.26,0.2,0,1,3.3
670,0.26,0.2,25,0.1,0.68
670,0.26,0.2,25,0.2,1.05
670,0.26,0.2,25,0.4,1.7
670,0.26,0.2,25,0.5,2
670,0.26,0.2,25,0.7,2.125
670,0.26,0.2,25,0.8,2.375
670,0.26,0.2,25,1,2.55
1281,0.12,0.45,25,0.15,1.3
1281,0.12,0.45,25,1,4.5
1281,0.12,0.45,25,20,10.3
1281,0.12,0.45,25,5,7.8
1281,0.12,0.45,25,10,9.2
1281,0.12,0.45,25,15,9.9
1281,0.12,0.45,25,0.2,1.5
1281,0.12,0.45,25,0.4,2.5
1281,0.12,0.45,25,0.6,3.3
1281,0.12,0.45,25,0.8,3.9
1281,0.12,0.45,0,5,9.8
1281,0.12,0.45,0,10,10.2
1281,0.12,0.45,0,15,10.4
1281,0.12,0.45,0,20,10.6
1281,0.12,0.45,0,0.2,2.8
1281,0.12,0.45,0,0.4,4.1
1281,0.12,0.45,0,0.6,5
1281,0.12,0.45,0,0.8,6
1281,0.12,0.45,0,1,6.3
1202,0.16,0.49,25,0.15,1.3
1202,0.16,0.49,25,1,4.4
1202,0.16,0.49,25,20,9.7
1202,0.16,0.49,25,5,7.5
1202,0.16,0.49,25,10,8.7
1202,0.16,0.49,25,15,9.1
1202,0.16,0.49,25,0.2,1.6
1202,0.16,0.49,25,0.4,2.5
1202,0.16,0.49,25,0.6,3.3
1202,0.16,0.49,25,0.8,3.8
1202,0.16,0.49,0,5,8.5
1202,0.16,0.49,0,10,9.8
1202,0.16,0.49,0,15,10.4
1202,0.16,0.49,0,20,10.4
1202,0.16,0.49,0,0.2,2.8
1202,0.16,0.49,0,0.4,4
1202,0.16,0.49,0,0.6,4.8
1202,0.16,0.49,0,0.8,5.7
1202,0.16,0.49,0,1,6
1575,0.1,0.7,25,0.15,1.3
1575,0.1,0.7,25,1,4.6
1575,0.1,0.7,25,20,12.3
1575,0.1,0.7,25,5,8.9
1575,0.1,0.7,25,10,11
1575,0.1,0.7,25,15,11.5
1575,0.1,0.7,25,0.2,1.48
1575,0.1,0.7,25,0.4,2.4
1575,0.1,0.7,25,0.6,3.2
1575,0.1,0.7,25,0.8,4
1575,0.1,0.7,0,5,11.8
1575,0.1,0.7,0,10,12.5
1575,0.1,0.7,0,15,12.8
1575,0.1,0.7,0,20,13
1575,0.1,0.7,0,0.2,2.6
1575,0.1,0.7,0,0.4,4.1
1575,0.1,0.7,0,0.6,5.5
1575,0.1,0.7,0,0.8,6.2
1575,0.1,0.7,0,1,7.15
1557,0.22,0.53,25,0.15,1.3
1557,0.22,0.53,25,1,4.6
1557,0.22,0.53,25,20,12.1
1557,0.22,0.53,25,5,9.1
1557,0.22,0.53,25,10,11
1557,0.22,0.53,25,15,11.5
1557,0.22,0.53,25,0.2,1.5
1557,0.22,0.53,25,0.4,2.5
1557,0.22,0.53,25,0.6,3.3
1557,0.22,0.53,25,0.8,4.02
1557,0.22,0.53,0,5,11.8
1557,0.22,0.53,0,10,12.5
1557,0.22,0.53,0,15,12.7
1557,0.22,0.53,0,20,12.9
1557,0.22,0.53,0,0.2,3
1557,0.22,0.53,0,0.4,4.5
1557,0.22,0.53,0,0.6,5.6
1557,0.22,0.53,0,0.8,6.3
1557,0.22,0.53,0,1,7.15
2274,0.3,0.9,25,0.15,0.8
2274,0.3,0.9,25,1,3.6
2274,0.3,0.9,25,20,17.5
2274,0.3,0.9,25,5,9.8
2274,0.3,0.9,25,10,13.5
2274,0.3,0.9,25,15,15.1
2274,0.3,0.9,25,0.2,1
2274,0.3,0.9,25,0.4,1.75
2274,0.3,0.9,25,0.6,2.5
2274,0.3,0.9,25,0.8,3
2274,0.3,0.9,0,5,13.5
2274,0.3,0.9,0,10,18
2274,0.3,0.9,0,15,20.5
2274,0.3,0.9,0,20,22
2274,0.3,0.9,0,0.2,1.9
2274,0.3,0.9,0,0.4,3
2274,0.3,0.9,0,0.6,5.1
2274,0.3,0.9,0,0.8,5
2377,0.7,0.7,25,0.15,0.8
2377,0.7,0.7,25,1,3.6
2377,0.7,0.7,25,20,18.1
2377,0.7,0.7,25,5,9.82
2377,0.7,0.7,25,10,13.6
2377,0.7,0.7,25,15,16
2377,0.7,0.7,25,0.2,1
2377,0.7,0.7,25,0.4,1.75
2377,0.7,0.7,25,0.6,2.5
2377,0.7,0.7,25,0.8,3
2377,0.7,0.7,0,5,14
2377,0.7,0.7,0,10,19
2377,0.7,0.7,0,15,22
2377,0.7,0.7,0,20,24
2377,0.7,0.7,0,0.2,2
2377,0.7,0.7,0,0.4,3.2
2377,0.7,0.7,0,0.6,4.2
2377,0.7,0.7,0,0.8,5.2
2980,1.8,0.3,25,0.15,0.5
2980,1.8,0.3,25,1,2.7
2980,1.8,0.3,25,20,21.8
2783,1.44,0.36,25,0.15,0.6
2783,1.44,0.36,25,1,3
2783,1.44,0.36,25,20,21.7
1511,0.11,0.54,25,0.15,1.2
1511,0.11,0.54,25,1,4.3
1511,0.11,0.54,25,20,12
1511,0.11,0.54,25,5,8.75
1511,0.11,0.54,25,10,10.5
1511,0.11,0.54,25,15,11
1830,0.11,0.67,25,0.15,1.1
1830,0.11,0.67,25,1,4.9
1830,0.11,0.67,25,20,14
1830,0.11,0.67,25,5,10.2
1830,0.11,0.67,25,10,12
1830,0.11,0.67,25,15,12.5
2163,0.19,0.74,25,0.15,1.1
2163,0.19,0.74,25,1,4.7
2163,0.19,0.74,25,20,16.8
2163,0.19,0.74,25,5,11
2163,0.19,0.74,25,10,14
2163,0.19,0.74,25,15,15.5
2610,0.41,0.74,25,0.15,0.9
2610,0.41,0.74,25,1,4
2610,0.41,0.74,25,20,19.7
2610,0.41,0.74,25,5,11
2610,0.41,0.74,25,10,15.1
2610,0.41,0.74,25,15,17.5
