,pred,real
0,-0.10513629,0.070318384
1,0.174157053,0.211092092
2,0.308587947,0.299554947
3,0.391178505,0.388291681
4,0.545603278,0.528962684
5,0.626165996,0.635022253
6,0.821204322,0.706333447
7,0.950016322,0.812358781
8,1.102309008,0.970592263
9,1.178739674,1.024443684
10,1.348305825,1.130400548
11,0.45332229,0.615656485
12,0.63155599,0.745210299
13,0.682393966,0.882904206
14,0.883672027,1.093315209
15,1.151121289,1.319798497
16,1.277724512,1.441148249
17,1.524982583,1.578570286
18,1.541734229,1.707868223
19,1.810736428,1.917911403
20,1.926407522,2.119766512
21,2.048623467,2.281129058
22,2.146162068,2.410011195
23,2.172405459,2.5308332
24,2.385581447,2.627298897
25,0.632944012,0.575003998
26,0.817904757,0.736942268
27,0.977852823,0.906764753
28,1.374623777,1.206013114
29,1.629452714,1.440300656
30,1.894519638,1.642219735
31,1.998806405,1.787350072
32,2.124308948,1.948680633
33,2.19236256,2.077578762
34,2.242305568,2.182168559
35,2.438835102,2.302990565
36,0.156676451,0.299711816
37,0.438356632,0.726224784
38,0.647614896,1.060518732
39,0.834593768,1.25648415
40,1.066212021,1.417867435
41,1.124321183,1.556195965
42,1.298331788,1.717579251
43,1.401523551,1.855907781
44,1.553308035,1.948126801
45,1.658887283,2.063400576
46,1.693742158,2.097982709
47,1.89694194,2.178674352
48,2.040989626,2.236311239
49,0.431267169,0.741839763
50,1.002907846,1.112759644
51,1.291697207,1.483679525
52,1.554576286,1.75074184
53,2.059650066,2.106824926
54,2.166050332,2.34421365
55,2.187601768,2.581602374
56,2.365339798,2.759643917
57,2.50357936,2.93768546
58,3.00465137,3.056379822
59,3.241715612,3.175074184
60,3.467455719,3.24925816
61,3.732225075,3.338278932
62,1.535515689,2.387755102
63,2.861919258,4.132653061
64,4.351386712,5.418367347
65,4.837362397,6.382653061
66,5.587776707,7.530612245
67,7.557461699,8.31122449
68,7.351764343,8.816326531
69,8.034072758,9.321428571
70,8.040199776,9.734693878
71,8.04044898,10.01020408
72,7.97118378,10.28571429
73,8.158824274,10.56122449
74,1.747795349,1.371571072
75,3.53718675,2.992518703
76,4.541610105,4.488778055
77,6.311992722,6.234413965
78,7.438389018,7.605985037
79,7.817444265,8.85286783
80,8.328268685,9.413965087
81,8.701558982,10.28678304
82,0.336796121,0.466389373
83,0.775256659,0.815923376
84,1.110969293,1.14405144
85,1.314795692,1.334475534
86,1.589276372,1.524610637
87,1.892427027,1.862564378
88,1.956328681,2.041862337
89,2.161664408,2.241802475
90,2.246388365,2.357481241
91,2.483582068,2.473077439
92,2.435715119,2.546584236
93,0.937458095,0.934065934
94,1.42756573,1.497252747
95,1.66204456,1.840659341
96,2.096958017,2.184065934
97,2.574174432,2.554945055
98,2.916605268,2.870879121
99,3.214406817,3.090659341
100,3.497095092,3.255494505
101,3.524201715,3.365384615
102,3.888670373,3.489010989
103,3.928545576,3.557692308
104,4.087579979,3.653846154
105,1.03884722,0.768763206
106,1.350664745,1.134507287
107,1.560821043,1.427053385
108,1.908547422,1.710257674
109,2.09471606,1.956832242
110,2.168930352,2.194003543
111,2.505163987,2.394330014
112,2.687696723,2.576433814
113,2.86126566,2.685431819
114,2.937033645,2.840032598
115,3.065412698,2.939658065
116,0.166873196,0.192419825
117,0.740265007,0.612244898
118,1.317343917,0.962099125
119,1.874551257,1.731778426
120,2.817012059,2.379008746
121,3.420745353,2.851311953
122,4.251459213,3.516034985
123,-0.047825677,0.209912536
124,0.363369509,0.50728863
125,1.240286378,0.89212828
126,2.045627703,1.679300292
127,3.064359132,2.221574344
128,3.44040995,2.746355685
129,3.917829716,3.201166181
130,2.772199271,2.382335164
131,3.778906601,3.455049536
132,4.6689002,4.350642525
133,4.947167033,5.038039051
134,6.673950317,5.904922082
135,9.21368866,6.32551967
136,9.377200628,6.508028276
137,10.0234656,6.600990723
138,10.65798102,6.815494179
139,10.98333461,7.182482327
140,2.447872043,3.363795233
141,4.638187857,5.091122908
142,5.813528531,6.075342286
143,7.123426215,6.494363125
144,8.890502105,7.688618506
145,9.376731464,8.377985967
146,9.994857108,8.799503324
147,9.928616643,9.013743989
148,12.26620149,9.139489659
149,11.9640698,9.206501458
150,1.549671788,0.949838092
151,1.903597995,1.557786282
152,2.441056145,2.178922579
153,2.959395912,2.73723874
154,3.234801376,3.105916986
155,3.611513876,3.373211657
156,3.731493553,3.59010892
157,4.081944845,3.832440389
158,4.333444257,3.973859288
159,4.743030217,4.115219311
160,4.806114502,4.218545776
161,4.818328794,4.360141301
162,4.800089224,4.438504563
163,4.800089224,4.49049161
164,1.533817133,1.406829555
165,2.188453189,2.003179276
166,2.334112474,2.409773329
167,2.712951172,2.639387695
168,2.921982072,2.894200765
169,3.31892155,3.149720341
170,3.649968598,3.303561966
171,3.844185543,3.457697969
172,3.958850516,3.57356491
173,3.978817731,3.689255225
174,3.951428918,3.767559611
175,3.959766087,3.857403591
176,1.540056955,1.240977333
177,2.201928442,1.874830733
178,2.856481877,2.407771563
179,3.022410003,2.814424492
180,3.386669536,3.183455991
181,3.50515564,3.38763615
182,3.749402881,3.553959376
183,3.990167515,3.758433912
184,4.3711101,3.938004121
185,4.516621447,4.041566088
186,4.591554413,4.144833677
187,1.024339556,0.787255867
188,3.469496494,2.537857696
189,4.726734088,4.114127818
190,6.227750759,5.343492914
191,7.173389025,6.18036047
192,7.478233546,7.104393879
193,8.143485633,7.723597999
194,8.691238646,8.16696322
195,9.674062232,8.699001486
196,9.55548622,9.143120303
197,9.815119326,9.587992715
198,0.925606876,1.276944444
199,1.407412962,1.704333333
200,1.660539828,2.005888889
201,1.848822541,2.207333333
202,1.944458162,2.334
203,2.010942838,2.4355
204,2.134920718,2.637111111
205,2.274191918,2.765333333
206,2.543365256,2.918444444
207,2.493214123,2.970388889
208,2.749015026,3.123555556
209,2.990254551,3.199888889
210,0.0829187,0.128290645
211,0.365538524,0.479059145
212,0.69684215,0.735860896
213,0.852273858,0.984268215
214,1.086894426,1.172846136
215,1.331177836,1.48165944
216,1.662476919,1.696455119
217,1.803978048,1.877028654
218,1.951035626,2.049122966
219,1.997236512,2.169850144
220,2.220567941,2.29059428
221,0.198917123,0.150081945
222,0.300796036,0.247499716
223,0.403546514,0.320552902
224,0.522662061,0.405824891
225,0.610035933,0.454610854
226,0.737885861,0.564312334
227,0.733802648,0.64563309
228,0.838519548,0.743237469
229,0.906763456,0.800266661
230,0.962625046,0.881709118
231,1.057008543,0.971354237
232,1.146128802,1.048829234
233,1.263417249,1.106012581
234,1.202151084,1.171366137
235,1.341884062,1.244857447
236,1.346801439,1.29791918
237,1.533784618,1.351102613
238,1.535254859,1.400131978
239,1.591185723,1.440966794
240,1.621596728,1.457404573
241,0.13241175,0.343476703
242,0.268244777,0.493747989
243,0.34990955,0.572172336
244,0.50359904,0.6734476
245,0.731426612,0.853048495
246,1.001837042,1.012807482
247,1.143745064,1.172566469
248,1.296880696,1.315942262
249,1.464592833,1.465478663
250,1.591263604,1.62146085
251,1.534424083,1.757787593
252,1.701812276,1.8254519
253,1.772254076,1.925849688
254,1.839139281,2.019724912
255,1.840305997,2.090628565
256,1.897704524,2.149123256
257,0.030508988,0.183081547
258,0.127576029,0.290934219
259,0.263697116,0.464056422
260,0.360527951,0.633687005
261,0.474778511,0.777084735
262,0.639500472,0.861669689
263,0.640204995,0.982205534
264,0.847658969,1.060169206
265,0.753616912,1.18350566
266,0.839788296,1.296882769
267,0.886417479,1.413652783
268,0.903082061,1.48131709
269,0.90632207,1.578453596
270,1.076641668,1.655890784
271,1.041335798,1.730231215
272,0.691365501,0.343003523
273,0.658649692,0.432827148
274,0.796096449,0.608386293
275,0.990385336,0.824736374
276,1.356638018,1.183920274
277,1.50539836,1.440967077
278,1.731641669,1.649018059
279,1.887945496,1.80402198
280,2.042245596,1.934497267
281,2.103433604,2.069040179
282,2.260900947,2.166814719
283,2.319085848,2.280958066
284,2.365839756,2.370585068
285,2.312728407,2.468363704
286,2.39696651,2.623121847
287,2.476733454,2.728880072
288,2.585526293,2.883597252
289,2.529140428,2.960763316
290,2.542919053,3.034066571
291,0.189280478,0.138819447
292,0.423834051,0.285778238
293,0.513952922,0.469419379
294,0.607445614,0.714238732
295,0.709272713,0.885562305
296,0.958032123,1.085412497
297,1.018285404,1.22002095
298,1.195893907,1.309627471
299,1.077999105,1.464602718
300,1.228194845,1.55419695
301,1.317112075,1.603008438
302,1.389325422,1.700778882
303,1.310006434,1.778137472
304,1.3966485,1.871868965
305,1.413024377,1.993975516
306,1.454502497,2.1078567
307,1.680633133,2.234034971
308,1.549383316,2.327565746
309,0.368297819,0.65248227
310,0.780411806,0.992907801
311,0.868691626,1.276595745
312,1.162277075,1.48463357
313,1.405093471,1.635933806
314,1.535996227,1.90070922
315,1.827283964,2.070921986
316,1.955029001,2.241134752
317,2.152025547,2.449172577
318,2.233925257,2.53427896
319,2.503090372,2.657210402
320,2.737556035,2.723404255
321,0.242603376,0.315285252
322,0.537006712,0.602792961
323,0.800657906,0.834982132
324,1.324647585,1.085960006
325,1.463172507,1.253808007
326,1.726145414,1.449534929
327,1.977900222,1.590078483
328,2.103325095,1.683616487
329,2.304970333,1.796382499
330,0.186009904,0.321573948
331,0.458743865,0.476255088
332,0.670027809,0.586160109
333,0.898177369,0.663500678
334,0.885987735,0.76119403
335,1.12331137,0.846675712
336,1.151819911,0.919945726
337,1.240714487,0.985074627
338,1.275987602,1.050203528
339,1.410851413,1.123473541
340,0.564665359,0.454571362
341,0.804362853,0.79196701
342,1.347179003,1.203238676
343,1.665923172,1.600781171
344,1.926814242,1.8517283
345,2.265999005,2.354728937
346,2.2511428,2.578117142
347,2.585820466,2.922503101
348,2.696216275,2.9979884
349,2.683663687,3.057984377
350,0.472642642,0.239473684
351,0.644558431,0.552631579
352,0.92078618,0.736842105
353,1.184106606,0.902631579
354,1.662333814,1.105263158
355,2.007198869,1.252631579
356,2.39888543,1.418421053
357,3.208789895,1.731578947
358,3.990786252,1.971052632
359,4.677854167,2.155263158
360,5.311656421,2.321052632
361,5.751752303,2.486842105
362,6.275441174,2.671052632
363,6.375292677,2.707894737
364,0.320984387,0.15625
365,0.491609323,0.338541667
366,0.86774969,0.598958333
367,1.520491251,0.859375
368,2.021100798,1.080729167
369,2.337994051,1.184895833
370,2.72246891,1.341145833
371,3.119490936,1.484375
372,3.554159465,1.614583333
373,3.823645817,1.783854167
374,4.014581754,1.861979167
375,0.318716816,0.155737705
376,0.40955748,0.303278689
377,0.560583227,0.418032787
378,0.774137274,0.663934426
379,1.082572391,0.868852459
380,1.434856209,1.057377049
381,1.557046271,1.245901639
382,1.916171074,1.450819672
383,1.990620369,1.614754098
384,2.204210922,1.729508197
385,2.256686318,1.803278689
386,0.307348829,0.109533927
387,0.671319767,0.180521889
388,0.848873906,0.251597889
389,1.117430233,0.354998503
390,1.310696823,0.471443412
391,1.609676819,0.549180953
392,1.666503595,0.626903821
393,1.831490429,0.7239657
394,2.002392229,0.776010823
395,2.091242227,0.860277848
396,2.19455465,0.912249605
397,2.305333388,0.957515803
398,2.259074181,2.786069652
399,4.207262319,4.109452736
400,5.493367022,5.36318408
401,6.471164778,6.338308458
402,8.173091639,7.243781095
403,10.02015402,8.149253731
404,11.61355426,8.776119403
405,12.64900494,9.402985075
406,13.79887263,10.23880597
407,13.59277929,11.07462687
408,13.52250201,11.49253731
409,13.81772142,12.32835821
410,13.81772142,12.95522388
411,0.057306679,0.15
412,0.281834503,0.325
413,0.554928449,0.525
414,0.820249035,0.675
415,0.772920453,0.8375
416,0.939405049,0.975
417,1.126104337,1.125
418,1.312104751,1.3
419,1.625420887,1.5
420,1.85226559,1.675
421,2.014125727,1.85
422,2.129291432,1.9125
423,0.274568046,0.360902256
424,0.522567428,0.601503759
425,0.774642862,0.882205514
426,1.079893548,1.162907268
427,1.423603491,1.443609023
428,1.533204719,1.684210526
429,1.905334561,1.884711779
430,2.158496794,2.145363409
431,2.369131798,2.285714286
432,2.486794306,2.456140351
433,2.721078501,2.596491228
434,0.042270577,0.190375373
435,0.578863279,0.688592809
436,0.899520145,1.011571455
437,1.183093872,1.212703048
438,1.18640401,1.376625905
439,1.466626811,1.503461702
440,1.484065334,1.624846383
441,1.573075163,1.714595121
442,1.585130332,1.82016183
443,1.820949457,1.930449595
444,0.186173133,0.13199489
445,0.516731757,0.614297013
446,0.786824463,0.905445033
447,1.075778186,1.111808724
448,1.10408493,1.24925473
449,1.348930967,1.376114863
450,1.393008229,1.471047028
451,1.508132909,1.576613737
452,1.50429189,1.639788283
453,1.723524773,1.776698911
454,0.03091167,0.105469368
455,0.427152411,0.486974509
456,0.71165024,0.778171199
457,0.906725432,0.95805804
458,0.947342398,1.12723733
459,1.21678885,1.254073128
460,1.212129934,1.364969277
461,1.24216177,1.417509278
462,1.269362365,1.50185557
463,1.587261824,1.638717528
464,0.418407152,0.225127939
465,1.013219742,0.923787748
466,1.387812172,1.36086973
467,1.712719578,1.621402513
468,2.006462469,1.980169487
469,2.374630393,2.19772877
470,2.542311126,2.407434384
471,0.209512734,0.194043122
472,0.446159638,0.646753094
473,0.737097526,1.022042316
474,1.181130348,1.359136975
475,1.588097941,1.670637591
476,1.715318321,1.943452396
477,1.962574895,2.164538742
478,2.134959474,2.321075048
479,2.276236966,2.425882896
480,2.351505925,2.569548494
481,2.539042053,2.635056469
482,0.116596779,0.135614279
483,0.480841539,0.444370173
484,0.645831812,0.691585594
485,0.870752493,0.864981509
486,1.181045953,1.03895868
487,1.489612702,1.212645223
488,1.647762616,1.31276656
489,1.771843885,1.425166929
490,2.172546109,1.525288267
491,2.356586785,1.637615979
492,2.538111325,1.712888624
493,2.538111325,1.762876636
494,0.198894305,0.192708333
495,0.503110839,0.5
496,0.894969671,0.796875
497,1.081482046,0.947916667
498,1.284956492,1.234375
499,1.564002123,1.427083333
500,1.703217204,1.609375
501,1.798455183,1.744791667
502,2.020968155,1.901041667
503,2.234548336,2
504,0.4971098,0.396039604
505,0.706116591,0.732673267
506,1.003857035,1.04950495
507,1.261454683,1.366336634
508,1.397681773,1.603960396
509,1.685528566,1.801980198
510,1.757680112,1.98019802
511,1.768524509,2.158415842
512,2.182658759,2.257425743
513,2.271854075,2.415841584
514,2.371213738,2.594059406
515,2.549437563,2.693069307
516,2.626337788,2.891089109
517,2.612464947,2.97029703
518,0.349475681,0.396379426
519,0.613262955,0.655996575
520,0.729729707,0.778704666
521,0.929646645,0.97784845
522,1.089203187,1.085768455
523,1.16638678,1.285279188
524,1.329368744,1.439911932
525,1.489301431,1.57916947
526,1.590436727,1.779707663
527,1.743661956,1.873573482
528,1.89684362,1.997749373
529,2.009242115,2.091395022
530,2.135389989,2.261623142
531,2.314950302,2.339966974
532,2.334096729,2.479224512
533,2.401738391,2.574411351
534,0.218492548,0.251282051
535,0.450883085,0.520512821
536,0.578424604,0.628205128
537,0.793338238,0.735897436
538,0.931039663,0.897435897
539,1.00036497,1.148717949
540,1.208627015,1.292307692
541,1.435185095,1.471794872
542,1.465369195,1.615384615
543,1.602506071,1.776923077
544,1.732379743,1.902564103
545,1.893653891,2.028205128
546,1.89109093,2.18974359
547,2.117000612,2.297435897
548,2.18290693,2.387179487
549,2.211112144,2.548717949
550,0.759435894,1.136507585
551,1.114206477,1.579193339
552,1.303940945,1.80075144
553,1.62380992,2.053732298
554,1.7925975,2.338996809
555,2.326183424,2.782727938
556,2.946299222,3.132190799
557,3.051461974,3.418562178
558,3.475269383,4.023219633
559,3.961302857,4.501571138
560,4.52368204,5.074559866
561,5.023368859,5.236101119
562,1.24877007,0.933665173
563,0.921615129,0.628737349
564,1.641794682,1.238659366
565,2.034797174,1.677252364
566,2.230606808,2.230429733
567,3.694360497,2.879409325
568,3.899275348,3.318699187
569,5.887816214,3.777434876
570,6.01513953,4.178861789
571,6.875460209,4.637796582
572,7.193725443,5.07788286
573,6.133063367,5.441546375
574,6.160300489,5.747867928
575,6.402672406,6.168906587
576,6.402672406,6.532636469
577,0.506776619,0.20985565
578,0.765883047,0.476920524
579,0.867276465,0.648780488
580,1.033020891,0.897162768
581,1.050383714,1.088435374
582,1.333611105,1.279641613
583,1.506008435,1.433084453
584,1.983593737,1.663182346
585,1.994804566,1.893147503
586,2.313347335,2.027808196
587,2.643162334,2.200763232
588,2.942292109,2.392765887
589,3.102765196,2.584702174
590,3.416964628,2.700315248
591,3.452630405,2.854421769
592,3.452630405,3.065339306
593,3.915763189,3.12361042
594,1.048576981,0.528497409
595,2.228647548,1.616580311
596,1.446715608,1.119170984
597,2.866154774,2.207253886
598,3.320529757,2.797927461
599,3.69126782,3.481865285
600,4.058275707,3.979274611
601,4.175052884,4.414507772
602,4.980192575,4.880829016
603,4.767568678,5.409326425
604,5.075092877,5.937823834
605,6.944199493,6.404145078
606,8.006789899,6.777202073
607,9.007926103,7.056994819
608,0.096177293,0.147991543
609,0.590535578,0.391120507
610,0.963815349,0.591966173
611,1.267645364,0.750528541
612,1.503777551,0.930232558
613,1.711471716,1.141649049
614,1.798558353,1.268498943
615,2.02934932,1.416490486
616,2.290729292,1.522198732
617,-0.064603428,0.223721591
618,0.313452591,0.534446023
619,0.702083042,0.733309659
620,0.914572063,0.95703125
621,1.165391808,1.118607955
622,1.544270328,1.317471591
623,1.719032981,1.50390625
624,1.993476383,1.615767045
625,2.210966929,1.740056818
626,0.938683866,0.728
627,1.893339445,1.148
628,2.207373764,1.456
629,2.509028223,1.736
630,2.910620116,1.904
631,3.234109777,2.072
632,3.548517989,2.212
633,3.760015301,2.296
634,4.076457397,2.436
635,3.978069464,2.52
636,0.50144941,0.28959276
637,1.027516377,0.57918552
638,1.606801218,0.832579186
639,1.83322533,1.049773756
640,2.26165096,1.248868778
641,2.559897301,1.411764706
642,2.700819942,1.538461538
643,3.016349886,1.647058824
644,3.036178472,1.701357466
645,2.119877879,1.269230769
646,3.797162611,2.769230769
647,4.800501068,4.153846154
648,6.968529815,5.769230769
649,6.474942862,6.865384615
650,7.840142135,7.673076923
651,8.301379993,8.076923077
652,9.275934152,8.480769231
653,2.174416545,1.5
654,4.147259293,3.230769231
655,5.657521437,4.615384615
656,7.060318305,5.826923077
657,7.00380374,6.692307692
658,8.343149247,7.211538462
659,8.884738436,7.615384615
660,9.53656453,7.903846154
661,2.387828702,1.788461538
662,3.222644565,3.057692308
663,4.228306598,4.615384615
664,5.850885191,5.884615385
665,7.348940672,7.442307692
666,8.892051704,8.653846154
667,9.777374733,9.461538462
668,10.45585882,10.32692308
669,11.07705654,10.84615385
670,1.883166704,1
671,3.234434146,2.5
672,4.131637741,4.230769231
673,5.082310891,5.153846154
674,6.458595515,5.653846154
675,7.155695972,6.115384615
676,7.113876636,6.346153846
677,1.331881101,0.884615385
678,1.89143923,1.807692308
679,2.177195457,2.384615385
680,2.992911297,3.115384615
681,3.533323804,3.615384615
682,4.265323725,4
683,4.461528445,4.192307692
684,4.493224555,4.307692308
685,1.074992763,0.758064516
686,2.313672087,1.919354839
687,3.064272159,3.129032258
688,4.770619742,4
689,5.581814458,4.693548387
690,6.429951316,5.177419355
691,6.545677145,5.387096774
692,0.710523762,0.612903226
693,1.733662105,1.806451613
694,2.44526189,2.5
695,3.984709746,3.596774194
696,5.39149685,4.532258065
697,6.433451141,5.096774194
698,6.92650953,5.5
699,7.198117087,5.548387097
700,0.51183814,0.483870968
701,1.131430074,1.258064516
702,2.111082185,2.161290323
703,2.659875384,2.919354839
704,3.45534894,3.806451613
705,4.526172919,4.64516129
706,4.83457839,5.209677419
707,5.145189732,5.741935484
708,5.84449974,6.064516129
709,6.086748381,6.338709677
710,0.107154172,0.178125
711,0.418455706,0.384375
712,0.473632554,0.628125
713,0.634944967,0.825
714,0.769141251,1.021875
715,1.129610171,1.2
716,1.190377642,1.359375
717,1.348895046,1.490625
718,1.454217039,1.59375
719,1.630580592,1.678125
720,0.252357283,0.137115839
721,0.572528644,0.401891253
722,0.663204346,0.61465721
723,0.802686462,0.817966903
724,0.916366802,0.992907801
725,1.204689315,1.14893617
726,1.220000921,1.281323877
727,1.30213243,1.375886525
728,1.428427474,1.489361702
729,1.518840019,1.58392435
730,1.822946219,1.687943262
731,0.092039267,0.122931442
732,0.317094256,0.3356974
733,0.452939687,0.486997636
734,0.523060085,0.65248227
735,0.631652355,0.789598109
736,0.69522312,0.921985816
737,0.787996873,1.035460993
738,0.769255951,1.130023641
739,1.011206017,1.238770686
740,1.29657739,1.309692671
741,1.50349244,1.404255319
742,0.156409535,0.122931442
743,0.458929078,0.302600473
744,0.532986829,0.411347518
745,0.632076837,0.53427896
746,0.693078631,0.63356974
747,0.862969522,0.73286052
748,0.840918296,0.827423168
749,0.944078629,0.912529551
750,1.07641821,0.988179669
751,1.190329815,1.063829787
752,0.122619817,0.24375
753,0.455102853,0.73125
754,0.739607034,1.05
755,0.961861175,1.34375
756,1.053283412,1.6
757,1.349689162,1.875
758,1.332356029,2.025
759,1.401995041,2.1625
760,1.486493237,2.29375
761,1.683665238,2.50625
762,0.111523524,0.1875
763,0.291720874,0.4625
764,0.478131149,0.65
765,0.824136709,0.925
766,1.005740211,1.1625
767,1.024357788,1.3375
768,1.28009382,1.525
769,1.423123311,1.7
770,1.533465016,1.83125
771,1.67244512,1.94375
772,1.797043152,2.04375
773,1.863922317,2.15625
774,1.987920038,2.225
775,0.086157431,0.123519029
776,0.523023543,0.44631239
777,0.658584143,0.75958199
778,0.969756032,0.958380133
779,1.283906642,1.15736461
780,1.61852497,1.365727921
781,1.779887321,1.497942557
782,1.846450162,1.658790586
783,1.994699681,1.772061221
784,2.114114373,1.866553486
785,0.132534838,0.249543421
786,0.531712248,0.637888613
787,0.793195311,0.915381585
788,0.996814317,1.165281286
789,1.325517032,1.396801854
790,1.671317238,1.646984122
791,1.876577284,1.925361651
792,2.094878992,2.176023054
793,2.355932621,2.398968331
794,2.423654438,2.510778821
795,2.637896148,2.622515598
796,3.042063956,2.753098358
797,0.401957658,0.66544542
798,1.008927235,1.370611145
799,1.439460064,1.773183209
800,2.00987385,2.234866594
801,2.354547668,2.514941656
802,2.844695327,2.774791681
803,3.066396949,2.933620773
804,3.35929763,3.132847813
805,3.524099701,3.271764627
806,3.776729811,3.409691039
807,0.258133733,0.357085999
808,0.626910179,0.702054895
809,0.869902663,0.9546272
810,1.036388821,1.18399717
811,1.289620586,1.37875527
812,1.420866194,1.57321855
813,1.570077612,1.710103482
814,1.656943362,1.835814735
815,1.814000396,1.94991008
816,1.799362111,2.052183142
817,0.228544894,0.182162737
818,0.489616928,0.452885864
819,0.59906088,0.654686011
820,0.715763187,0.871154772
821,1.002007732,1.102334826
822,1.19143192,1.274407555
823,1.102339475,1.436585371
824,1.307949566,1.574132595
825,1.385192907,1.741078015
826,1.348163231,1.907974662
827,1.375845477,2.020812037
828,1.418681869,2.153274629
829,1.496137594,2.256180511
830,0.196340924,0.29929807
831,0.631252094,0.690540068
832,0.990413864,0.977926596
833,1.407422866,1.242093851
834,1.729883069,1.506068985
835,1.899348143,1.700880329
836,2.111401895,1.952916475
837,2.33003204,2.147535697
838,2.443667179,2.273238142
839,2.484258156,2.387577964
840,2.553843834,2.50147865
841,0.212445154,0.066876135
842,0.76838425,0.245524776
843,0.876504456,0.368539391
844,0.973037972,0.480600156
845,1.068513288,0.559150788
846,1.071507376,0.626819636
847,1.742996587,0.728178778
848,1.791494889,0.818367876
849,0.140787649,0.108870968
850,0.81359803,0.544354839
851,1.056936948,0.889112903
852,1.315986295,1.155241935
853,1.59848286,1.421370968
854,1.908512436,1.64516129
855,1.914574492,1.772177419
856,2.035816525,1.893145161
857,2.180939451,1.995967742
858,2.219046781,2.074596774
859,0.863265483,0.897946064
860,1.600985564,1.528269744
861,2.018635074,1.998135708
862,2.249699461,2.293936764
863,2.514204145,2.536187629
864,2.690308283,2.724866875
865,2.872766301,2.927089025
866,3.217855214,3.129611177
867,3.352759587,3.291826042
868,3.480607224,3.427233669
869,3.550042955,3.549376962
870,0.87610596,1.394126408
871,1.468245167,1.930956896
872,1.650051418,2.240065143
873,1.954627146,2.522409009
874,2.066106554,2.764702731
875,2.403774807,2.994589266
876,2.677667196,3.103296797
877,3.032759841,3.172339901
878,3.348189918,3.227625813
879,0.25948907,0.403508772
880,0.722639296,0.842105263
881,1.008931505,1.201754386
882,1.372349989,1.473684211
883,1.596449901,1.701754386
884,2.000514903,2.026315789
885,2.179352544,2.201754386
886,2.31298811,2.324561404
887,2.419854879,2.438596491
888,2.54410627,2.543859649
889,2.64594374,2.657894737
890,0.095325722,0.181818182
891,0.580310362,0.459330144
892,0.745665873,0.679425837
893,0.901774479,0.822966507
894,1.0156707,0.985645933
895,1.083774296,1.157894737
896,1.319086506,1.349282297
897,1.486786372,1.502392344
898,1.450856794,1.607655502
899,1.611423353,1.71291866
900,2.541853678,2.191934156
901,3.917829547,3.907489712
902,6.731219636,4.732510288
903,5.645577075,5.555226337
904,6.257641035,6.318024691
905,7.100062662,6.900740741
906,7.307716965,7.423703704
907,8.169950698,8.184691358
908,8.110603516,9.42090535
909,2.069931408,1.115241636
910,3.583766368,2.676579926
911,5.579632869,4.275092937
912,7.353002174,5.836431227
913,8.908136942,6.87732342
914,9.62623488,7.546468401
915,10.58197307,8.178438662
916,2.400164414,2.625
917,4.228497391,4.5625
918,5.658055102,5.75
919,7.313724875,6.8125
920,8.410310417,8
921,9.689924541,8.75
922,10.81471276,9.6875
923,11.56139362,10.0625
924,2.21652962,1.588850174
925,3.272392455,3.428571429
926,4.096032885,4.055749129
927,4.986643124,5.101045296
928,6.777449326,5.853658537
929,7.472343308,6.397212544
930,8.029249454,7.108013937
931,8.326997034,7.609756098
932,1.344745591,1.212543554
933,3.029268773,2.968641115
934,4.829164658,4.473867596
935,7.131998888,6.06271777
936,8.137814364,7.191637631
937,9.055252299,8.153310105
938,10.84270831,8.947735192
939,11.52058351,9.616724739
940,1.124760222,1.672473868
941,2.864256497,3.386759582
942,4.530433925,4.850174216
943,6.751015491,5.644599303
944,7.804962944,6.31358885
945,8.81053497,6.773519164
946,9.473115578,7.191637631
947,0.668776871,0.462162162
948,0.890451825,0.827027027
949,1.48897246,1.362162162
950,2.218112272,1.872972973
951,2.617019199,2.310810811
952,2.910503779,2.724324324
953,0.884434679,0.796400135
954,1.38465861,1.30878098
955,2.218289417,1.87917461
956,2.324468327,2.241774139
957,2.522288153,2.623135584
958,2.84496058,2.815307839
959,2.855134021,2.913199507
960,0.530512688,0.360872491
961,0.907780792,0.89327128
962,1.36942397,1.198721543
963,1.780208887,1.580318493
964,2.053886254,1.848244925
965,2.134467858,2.03994617
966,2.11640842,2.194280588
967,0.228643579,0.209442638
968,0.509773291,0.590097566
969,1.034745107,0.839026578
970,1.214550285,1.01251542
971,1.582558876,1.261758439
972,1.626896759,1.359022093
973,1.592723634,1.550880341
974,0.230574234,0.235294118
975,0.445545299,0.620320856
976,1.055470828,0.941176471
977,1.159462598,1.262032086
978,1.737017452,1.625668449
979,1.652759029,1.796791444
980,0.226559703,0.276595745
981,0.364784372,0.510638298
982,0.878932618,0.765957447
983,1.095140737,1.106382979
984,1.420376407,1.382978723
985,1.686254176,1.638297872
986,0.124610278,0.291176471
987,0.440151605,0.608823529
988,0.997219626,1.058823529
989,1.479023924,1.482352941
990,1.871674839,1.826470588
991,2.115160504,2.170588235
992,0.149652262,0.268604651
993,0.24472597,0.532325581
994,0.46403497,0.898604651
995,0.699197852,1.225813953
996,1.016340462,1.479767442
997,0.984664526,1.675116279
998,1.265526979,1.846046512
999,1.36575789,1.963255814
1000,1.580115258,2.080465116
1001,1.557063549,2.217209302
1002,1.610541418,2.285581395
1003,1.610299865,2.339302326
1004,-0.018888654,0.151395349
1005,0.214032447,0.468837209
1006,0.466581814,0.747209302
1007,0.736330834,0.981627907
1008,0.918178096,1.167209302
1009,0.925372509,1.343023256
1010,0.995809561,1.484651163
1011,0.994499535,1.596976744
1012,0.970739066,1.704418605
1013,1.175748354,1.772790698
1014,1.15599958,1.826511628
1015,0.454913002,0.462427746
1016,0.79435861,0.820809249
1017,1.395219629,1.398843931
1018,1.74129532,1.699421965
1019,1.830674965,1.976878613
1020,2.167561495,2.25433526
1021,2.39910611,2.473988439
1022,2.50730985,2.682080925
1023,2.805576596,2.843930636
1024,2.898766998,2.994219653
1025,3.049861687,3.075144509
1026,3.179281996,3.167630058
1027,0.214830049,0.21342096
1028,0.439310284,0.478698143
1029,0.672815646,0.69240708
1030,0.878604636,0.860800959
1031,0.999346316,1.035972555
1032,1.257890119,1.224020786
1033,1.329130113,1.373387689
1034,1.51452122,1.516192856
1035,1.629514816,1.613744676
1036,1.911387382,1.73739945
1037,0.219878647,0.290917319
1038,0.658260053,0.633855418
1039,1.104144539,0.964040301
1040,1.298043176,1.203800767
1041,1.543482557,1.40486962
1042,1.65657037,1.60584591
1043,1.704741728,1.793904425
1044,1.919548655,1.930281561
1045,2.210070831,2.09272051
1046,0.869171408,1.504702194
1047,2.094247587,4.137931034
1048,3.685669191,6.771159875
1049,5.185948172,10.2507837
1050,5.413452804,12.69592476
1051,6.505110165,15.04702194
1052,6.725174121,15.98746082
1053,0.615074074,0.814588082
1054,3.30810816,2.119439922
1055,5.552578412,3.316313904
1056,6.390562958,4.404037773
1057,7.936819408,5.438489092
1058,8.947010499,6.309996744
1059,10.61531887,7.236991208
1060,11.30726815,7.730380983
1061,1.494086673,1.625398893
1062,3.764838255,3.469098014
1063,6.292094276,5.585151416
1064,7.780549739,7.267079127
1065,9.656393108,9.058417454
1066,11.23155306,10.57948551
1067,13.3964442,11.83171605
1068,13.92520377,12.21777923
1069,1.224477156,1.619024881
1070,1.517552153,2.065703586
1071,1.562375196,2.371949875
1072,1.605013255,2.513243974
1073,1.879971288,2.687598318
1074,2.064196668,2.828968769
1075,2.236807951,2.945524948
1076,2.469544117,3.054053301
1077,1.502652492,1.238553884
1078,1.480329818,1.570617549
1079,1.693083716,1.83590471
1080,1.99588604,2.067864616
1081,2.282039073,2.233192195
1082,2.446163445,2.332209075
1083,2.440669578,2.431015234
1084,2.53100141,2.50466791
1085,1.389606806,1.122102581
1086,1.440942201,1.553615659
1087,1.622294199,1.744074539
1088,1.733271832,1.892788399
1089,2.152581688,2.041491168
1090,2.187856235,2.132201188
1091,2.211536134,2.197946267
1092,2.293768991,2.296863332
1093,0.496435338,0.276190476
1094,0.854920114,0.495238095
1095,1.313820667,0.79047619
1096,1.741674605,1.028571429
1097,2.146070288,1.228571429
1098,2.412303216,1.419047619
1099,2.618941468,1.561904762
1100,2.828932927,1.695238095
1101,2.987514337,1.819047619
1102,3.12824897,1.923809524
1103,3.233330237,2
1104,3.14872733,2.104761905
1105,0.240358886,0.137711864
1106,0.623062161,0.391949153
1107,1.002224846,0.593220339
1108,1.169944404,0.773305085
1109,1.499006721,0.921610169
1110,1.690508859,1.154661017
1111,1.999652124,1.313559322
1112,2.06287663,1.408898305
1113,0.446821949,0.531147541
1114,1.275480507,1.101639344
1115,1.6939325,1.53442623
1116,2.441725145,2.045901639
1117,2.906705384,2.380327869
1118,3.391817785,2.695081967
1119,3.845501324,3.009836066
1120,4.214127082,3.285245902
1121,4.476005796,3.442622951
1122,0.417182288,0.233009709
1123,0.78529614,0.757281553
1124,1.037649672,1.077669903
1125,1.432198529,1.310679612
1126,1.663470713,1.572815534
1127,1.922266728,1.747572816
1128,2.082008026,1.86407767
1129,2.153719981,1.951456311
1130,2.302493553,2.009708738
1131,0.298911835,0.292682927
1132,0.962999165,0.790243902
1133,1.552464471,1.2
1134,2.101849298,1.492682927
1135,2.351705282,1.668292683
1136,2.606019127,1.843902439
1137,2.863369495,1.990243902
1138,3.04032653,2.224390244
1139,3.232839749,2.253658537
1140,0.38900746,0.40776699
1141,1.012952882,0.961165049
1142,1.493287996,1.368932039
1143,1.960919834,1.660194175
1144,2.387380647,1.951456311
1145,2.561899295,2.184466019
1146,2.752264721,2.300970874
1147,0.080725546,0.075198851
1148,0.404934462,0.204285458
1149,0.690963153,0.365806124
1150,1.036329369,0.527421859
1151,1.34566284,0.656777826
1152,1.530134902,0.775470323
1153,1.90452383,0.894337111
1154,2.125626382,1.013267279
1155,2.340895243,1.132276669
1156,2.56057318,1.251365283
1157,0.153361754,0.49080195
1158,0.664101963,1.051180042
1159,1.310622569,1.575633394
1160,1.647976614,2.00622177
1161,1.878766985,2.366276809
1162,2.062879947,2.64386348
1163,2.30995801,2.851694535
1164,2.552576284,2.989291376
1165,2.970525472,3.138165176
1166,3.272775976,3.205467979
1167,0.23322022,0.280099309
1168,0.593884374,0.711345757
1169,0.91200881,1.118722144
1170,1.260709514,1.397026712
1171,1.369897075,1.651760342
1172,1.596576992,1.824384553
1173,1.731288416,2.043432742
1174,1.918399854,2.180012563
1175,2.31754423,2.363255661
1176,1.277871728,0.811095277
1177,2.324288574,1.703064982
1178,3.208944122,2.675344874
1179,4.528395379,3.566374178
1180,5.224353231,4.699368485
1181,6.732762528,5.912767019
1182,8.020843828,6.842728897
1183,8.203822068,7.650908933
1184,9.472546708,8.539681277
1185,10.73202838,9.589732275
1186,0.475422836,0.283154537
1187,1.475637625,1.215373375
1188,3.043598537,2.470619724
1189,3.902808909,3.158146399
1190,4.976818869,4.088014236
1191,6.125945845,4.97669254
1192,6.577311595,5.784590456
1193,7.440081842,6.632079225
1194,8.66762739,7.439130781
1195,8.804538371,7.802313385
1196,0.409150546,0.447718115
1197,2.259119841,1.792565158
1198,3.649698336,2.7310711
1199,3.835653449,3.425452652
1200,4.491256069,4.20211804
1201,5.572543937,4.857473543
1202,5.505137275,5.431015401
1203,6.229281846,5.964402746
1204,7.218682011,6.375257702
1205,0.501037787,0.285877562
1206,1.223838689,1.18291245
1207,2.709695769,1.836951411
1208,3.209098813,2.53217931
1209,3.667698784,3.105062897
1210,4.383668281,3.51478939
1211,4.724854297,3.925174152
1212,5.283925497,4.33593507
1213,6.460375267,4.788073003
1214,6.274778048,4.994393848
1215,0.426779846,0.363354037
1216,1.304251638,1.090062112
1217,1.538937394,1.704968944
1218,1.996586278,2.180124224
1219,2.194883778,2.655279503
1220,3.067001684,3.130434783
1221,3.018141831,3.549689441
1222,3.796239336,3.773291925
1223,3.861463444,4.108695652
1224,0.991441128,0.774568139
1225,1.770774239,1.272337705
1226,2.53153979,2.211922809
1227,3.052541762,3.261013425
1228,4.937238862,4.171325404
1229,7.173751075,4.915229471
1230,7.976294839,5.603874983
1231,8.523261713,6.154121209
1232,8.980623239,6.81444197
1233,0.596931583,0.497706341
1234,1.336950308,1.160492873
1235,1.997693363,1.960856768
1236,2.615175372,2.567246696
1237,3.175898684,3.145754449
1238,3.865348487,3.751575354
1239,4.396393296,4.218870522
1240,4.830013881,4.768737399
1241,5.167703325,5.180584338
1242,0.045103887,0.129377264
1243,0.501335698,0.465758151
1244,0.778427507,0.776263585
1245,0.951063287,1.022080386
1246,1.235643643,1.216146283
1247,1.333334485,1.371398999
1248,1.449825317,1.474900811
1249,1.564353444,1.617215801
1250,1.854780905,1.746593065
1251,1.98725011,1.863032603
1252,0.935377149,0.782608696
1253,2.492029845,2.180124224
1254,2.810048794,3.242236025
1255,4.341291343,4.416149068
1256,5.001364257,5.198757764
1257,5.882780875,5.869565217
1258,6.55076472,6.288819876
1259,7.010842188,6.763975155
1260,7.448152093,7.099378882
1261,1.006589889,1.299802761
1262,1.368281188,1.781065089
1263,1.632954104,2.08086785
1264,2.031170394,2.388560158
1265,2.380823306,2.719921105
1266,2.721618842,2.964497041
1267,2.939352125,3.1617357
1268,3.1377329,3.366863905
1269,3.279095459,3.516765286
1270,3.333738256,3.635108481
1271,0.993123168,1.385245902
1272,1.687486672,1.696721311
1273,2.282462358,2.032786885
1274,2.720051976,2.344262295
1275,3.09485964,2.614754098
1276,3.502638977,2.819672131
1277,3.758800849,3.131147541
1278,4.063587217,3.327868852
1279,4.322427614,3.557377049
1280,4.484980559,3.729508197
1281,4.613229598,3.901639344
1282,4.651592546,4.06557377
1283,0.645188325,0.670246521
1284,1.059353815,0.941518976
1285,1.318551922,1.177501086
1286,1.708364992,1.478227166
1287,2.023275533,1.665292995
1288,2.103865794,1.874189402
1289,2.314707212,2.019131147
1290,2.385144952,2.135242405
1291,2.363285172,2.215689435
1292,0.469802607,0.449676675
1293,0.712133562,0.728655261
1294,0.9807914,0.929513197
1295,1.14827284,1.101997612
1296,1.371320721,1.253357672
1297,1.440340115,1.383718003
1298,1.633915398,1.507244595
1299,1.758938431,1.64585111
1300,0.293043437,0.420929272
1301,0.878356903,0.74248891
1302,1.017716226,0.928599262
1303,1.330111295,1.143747814
1304,1.731434311,1.3307721
1305,1.768657511,1.467924629
1306,1.8966467,1.590994253
1307,2.035731134,1.707313223
1308,2.129309212,1.794635535
1309,2.093436407,1.845961281
1310,0.426759364,0.371514481
1311,0.487952891,0.586081438
1312,0.671674778,0.801520787
1313,0.757501302,0.974171373
1314,1.294084159,1.090033375
1315,1.377266088,1.184480225
1316,1.375568094,1.286467036
1317,1.559205823,1.417616674
1318,0.094594328,0.286227751
1319,0.290812371,0.437213928
1320,0.519577629,0.574241829
1321,0.329974375,0.661314886
1322,0.777630579,0.755969448
1323,0.775933871,0.82191815
1324,0.788412639,0.888033021
1325,1.115318487,0.983601518
1326,-0.088876287,0.114574185
1327,0.307913095,0.32993045
1328,0.623519521,0.431294123
1329,0.485058303,0.532657797
1330,0.732054347,0.619980109
1331,0.735329127,0.685845726
1332,0.746083597,0.744711433
1333,0.805625697,0.803618683
1334,0.968340975,0.83344619
1335,0.553954611,0.605697074
1336,0.816498424,0.958583262
1337,0.965746132,1.24060658
1338,1.206557308,1.431616941
1339,1.299603791,1.632468645
1340,1.904860391,1.802835553
1341,2.172468538,1.932876321
1342,2.226270125,2.012463971
1343,2.241179778,2.112305575
1344,2.384678098,2.171976838
1345,0.446444613,0.504531173
1346,0.707868728,0.837163408
1347,0.916866313,1.048479655
1348,1.224244423,1.209238919
1349,1.338874325,1.430058944
1350,1.61155772,1.570122822
1351,1.82925012,1.740230064
1352,1.913086302,1.829866791
1353,2.106434587,1.96954117
1354,0.31686809,0.363220898
1355,0.679255423,0.665628002
1356,0.804589357,0.836955675
1357,1.195782183,1.138947314
1358,1.458193649,1.380332892
1359,1.686082808,1.631611747
1360,1.728976082,1.802134455
1361,1.940062968,2.022902547
1362,2.11448976,2.163070292
1363,2.403480777,2.383630651
1364,0.846987806,0.440401351
1365,1.489045691,0.954958953
1366,1.879915838,1.250400611
1367,2.363358583,1.497522373
1368,2.58112126,1.696455719
1369,2.845296299,1.822021711
1370,3.104973757,1.972306453
1371,3.201131349,2.048829393
1372,0.27411141,0.174927114
1373,0.556147418,0.393586006
1374,0.865476715,0.685131195
1375,1.098127123,0.787172012
1376,1.261635312,0.976676385
1377,1.400888349,1.137026239
1378,1.60460685,1.209912536
1379,1.761348888,1.297376093
1380,2.039846936,1.355685131
1381,0.234700434,0.295620438
1382,0.574435037,0.580291971
1383,0.789689123,0.875912409
1384,1.293543144,1.237226277
1385,1.559421989,1.467153285
1386,1.936838551,1.806569343
1387,2.074111785,1.981751825
1388,2.165523269,2.233576642
1389,2.483259659,2.441605839
1390,2.566718988,2.48540146
1391,0.299112998,0.197938144
1392,0.412530209,0.593814433
1393,0.850909951,0.931958763
1394,1.191077397,1.253608247
1395,1.543102595,1.501030928
1396,1.950867347,1.682474227
1397,2.053266579,1.806185567
1398,2.330343681,1.913402062
1399,2.484005898,2.012371134
1400,2.686242292,2.094845361
1401,2.826998843,2.136082474
1402,0.225901786,0.193305439
1403,0.810318082,0.650209205
1404,1.23651917,0.948953975
1405,1.454857947,1.177405858
1406,1.709010642,1.353138075
1407,1.723347971,1.476150628
1408,1.78175609,1.564016736
1409,2.010249158,1.651882845
1410,0.417132555,0.367647059
1411,0.674782661,0.698529412
1412,0.98501429,1.158088235
1413,1.294595704,1.397058824
1414,1.538202319,1.672794118
1415,1.86334255,1.911764706
1416,2.061052615,2.1875
1417,2.282048009,2.279411765
1418,2.373700973,2.316176471
1419,0.232415249,0.401593625
1420,0.638698782,0.953784861
1421,1.563874756,1.706772908
1422,1.861006584,2.108366534
1423,2.671963328,2.535059761
1424,3.113791977,2.735856574
1425,3.516497916,2.936653386
1426,3.465705488,3.011952191
1427,14.56931103,12.0582878
1428,2.501428581,0.801457195
1429,5.285222626,3.460837887
1430,6.63570269,4.954462659
1431,8.775169114,6.156648452
1432,10.3921157,7.504553734
1433,10.8831757,8.524590164
1434,12.32896655,9.508196721
1435,13.74710046,10.12750455
1436,14.05471816,10.71038251
1437,14.56931103,11.07468124
1438,1.003839666,0.87431694
1439,3.166264991,2.295081967
1440,3.531157896,3.169398907
1441,4.245332217,3.78870674
1442,4.991548234,4.080145719
1443,5.482386322,4.371584699
1444,5.674625399,4.553734062
1445,5.367594675,4.626593807
1446,5.397637326,4.735883424
1447,0.072492748,0.273972603
1448,0.606291162,0.776255708
1449,0.815142933,1.141552511
1450,1.123085276,1.415525114
1451,1.513042532,1.666666667
1452,1.647564303,1.917808219
1453,1.804684382,2.100456621
1454,1.98508221,2.191780822
1455,2.328579898,2.328767123
1456,0.152065926,0.176748708
1457,0.533727602,0.353791996
1458,0.736036496,0.518433417
1459,0.865029971,0.657858689
1460,1.028851247,0.822765234
1461,1.166942459,0.950024303
1462,1.30642757,1.039311858
1463,1.446484925,1.166806593
1464,1.531994071,1.256418187
1465,1.600518505,1.295656401
1466,3.650290411,2.772485786
1467,7.54434927,6.066820603
1468,9.410716354,8.235837042
1469,11.50669888,9.799936968
1470,12.92518457,11.10730917
1471,13.7565918,12.41786514
1472,15.53208933,13.29629653
1473,15.53208933,13.74028789
1474,15.53208933,14.26937276
